aio_sentence,source_sentence,shared_run_words,query_id,query,source_domain
"Multiplikator & Bodenwert einbeziehen: Die resultierende Summe wird mit einem Vervielfältiger multipliziert, der sich aus der Restnutzungsdauer des Gebäudes und dem Liegenschaftszinssatz (ortsübliche Verzinsung) ergibt.","6 Vorläufigen Gebäudeertragswert berechnen Der Gebäudereinertrag wird mit einem Vervielfältiger multipliziert, der sich aus der Restnutzungsdauer des Gebäudes und dem Liegenschaftszins ergibt.",14,q0266,verkehrswert mehrfamilienhaus ermitteln,immoverkauf24.de
"Multiplikator & Bodenwert einbeziehen: Die resultierende Summe wird mit einem Vervielfältiger multipliziert, der sich aus der Restnutzungsdauer des Gebäudes und dem Liegenschaftszinssatz (ortsübliche Verzinsung) ergibt .","6 Vorläufigen Gebäudeertragswert berechnen Der Gebäudereinertrag wird mit einem Vervielfältiger multipliziert, der sich aus der Restnutzungsdauer des Gebäudes und dem Liegenschaftszins ergibt.",14,q0266,verkehrswert mehrfamilienhaus ermitteln,immoverkauf24.de
"Davon wird die Bodenwertverzinsung (Bodenwert × Liegenschaftszins) abgezogen, um den Gebäudereinertrag zu erhalten.","Davon wird die Bodenwertverzinsung (Bodenwert × Liegenschaftszins) abgezogen, um den Gebäudereinertrag zu erhalten; dieser multipliziert mit dem Vervielfältiger (abhängig von der Restnutzungsdauer) ergibt den Gebäudeertragswert.",11,q0325,ertragswert gewerbeimmobilie,certa-gutachten.de
"Ein rechtssicheres Verkehrswertgutachten kostet in der Regel `zwischen 0,5 und 1,5 Prozent des Immobilienwerts` .","Ein vollständiges Verkehrswertgutachten kostet in der Regel zwischen 0,5 und 1,5 Prozent des Verkehrswerts der Immobilie.",11,q0364,kosten für verkehrswertgutachten,sparkasse.de
"Ein rechtssicheres Verkehrswertgutachten kostet in der Regel zwischen 0,5 und 1,5 Prozent des Immobilienwerts.","Ein vollständiges Verkehrswertgutachten kostet in der Regel zwischen 0,5 und 1,5 Prozent des Verkehrswerts der Immobilie.",11,q0364,kosten für verkehrswertgutachten,sparkasse.de
"Sie haben das Recht, innerhalb eines Monats nach Erhalt des Schenkungsteuerbescheids Einspruch einzulegen und einen niedrigeren Verkehrswert durch ein Gutachten eines öffentlich bestellten und vereidigten Sachverständigen nachzuweisen.","Laut einer Entscheidung des Finanzgerichts Berlin-Brandenburg vom 17.1.2018 unter dem Aktenzeichen 3 K 3178/17 wurde festgestellt, dass die verbindliche Bestimmung des Werts nur durch ein Gutachten eines öffentlich bestellten und vereidigten Sachverständigen möglich ist.",9,q0217,immobilienbewertung bei schenkung,grimmobilien.net
"Sie haben das Recht, innerhalb eines Monats nach Erhalt des Schenkungsteuerbescheids Einspruch einzulegen und einen niedrigeren Verkehrswert durch ein Gutachten eines öffentlich bestellten und vereidigten Sachverständigen nachzuweisen.","Laut einer Entscheidung des Finanzgerichts Berlin-Brandenburg vom 17.1.2018 unter dem Aktenzeichen 3 K 3178/17 wurde festgestellt, dass die verbindliche Bestimmung des Werts nur durch ein Gutachten eines öffentlich bestellten und vereidigten Sachverständigen möglich ist.",9,q0130,immobilienbewertung schenkung,grimmobilien.net
"Sie haben das Recht, innerhalb eines Monats nach Erhalt des Schenkungsteuerbescheids Einspruch einzulegen und einen niedrigeren Verkehrswert durch ein Gutachten eines öffentlich bestellten und vereidigten Sachverständigen nachzuweisen.","Laut einer Entscheidung des Finanzgerichts Berlin-Brandenburg vom 17.1.2018 unter dem Aktenzeichen 3 K 3178/17 wurde festgestellt, dass die verbindliche Bestimmung des Werts nur durch ein Gutachten eines öffentlich bestellten und vereidigten Sachverständigen möglich ist.",9,q0374,ermittlung immobilienwert bei schenkung,grimmobilien.net
Kosten und Ablauf - Kosten: Rechnen Sie bei Standardobjekten mit Kosten ab etwa 2.790 €.,Anschließend erstellt der vereidigte Sachverständige das Gutachten nach gesetzeskonformen Bewertungsverfahren; rechnen Sie bei Standardobjekten mit Kosten ab etwa 2.790 € oder rund 160 €/h .,9,q0535,ö buv sachverständige immobilienbewertung,certa-gutachten.de
"Ein gerichtsfestes Verkehrswertgutachten kostet in der Regel zwischen 0,5 und 1,5 % des Immobilienwertes.","Ein vollständiges Verkehrswertgutachten kostet in der Regel zwischen 0,5 und 1,5 Prozent des Verkehrswerts der Immobilie.",9,q0433,bog wertermittlung,sparkasse.de
"Die Kosten dafür richten sich nach dem Immobilienwert und liegen meist zwischen 0,5 und 1,5 Prozent des Verkehrswerts.","Die Kosten richten sich nach Immobilienwert und Aufwand und liegen meist zwischen 0,5 und 1,5 Prozent des ermittelten Marktwerts.",9,q0385,ermittlung verkehrswert wohnung,sparkasse.de
"Sie haben das Recht, innerhalb eines Monats nach Erhalt des Schenkungsteuerbescheids Einspruch einzulegen und einen niedrigeren Verkehrswert durch ein Gutachten eines öffentlich bestellten und vereidigten Sachverständigen nachzuweisen.","Laut einer Entscheidung des Finanzgerichts Berlin-Brandenburg vom 17.1.2018 unter dem Aktenzeichen 3 K 3178/17 wurde festgestellt, dass die verbindliche Bestimmung des Werts nur durch ein Gutachten eines öffentlich bestellten und vereidigten Sachverständigen möglich ist.",9,q0313,immobilie bewerten schenkung,grimmobilien.net
"Sie haben das Recht, innerhalb eines Monats nach Erhalt des Schenkungsteuerbescheids Einspruch einzulegen und einen niedrigeren Verkehrswert durch ein Gutachten eines öffentlich bestellten und vereidigten Sachverständigen nachzuweisen.","Laut einer Entscheidung des Finanzgerichts Berlin-Brandenburg vom 17.1.2018 unter dem Aktenzeichen 3 K 3178/17 wurde festgestellt, dass die verbindliche Bestimmung des Werts nur durch ein Gutachten eines öffentlich bestellten und vereidigten Sachverständigen möglich ist.",9,q0244,immobilienbewertung für schenkung,grimmobilien.net
Man unterscheidet im Wesentlichen zwei Arten von qualifizierten Experten: - Öffentlich bestellte und vereidigte Sachverständige (ö.b.u.v.): Von der Industrie- und Handelskammer (IHK) geprüft und vereidigt.,"Öffentlich bestellte und vereidigte Immobiliengutachterinnen und Immobiliengutachter: Hierbei handelt es sich um die Berufsbezeichnung für Gutachterinnen und Gutachter, die von der Industrie- und Handelskammer (IHK) geprüft und zugelassen sind.",8,q0188,staatlich anerkannter immobiliengutachter,vr.de
"für Finanzamt oder Scheidung) kostet in der Regel zwischen 0,5 % und 1,5 % des Immobilienwerts.","Die Kosten für Immobiliengutachten dieser Art orientieren sich am ermittelten Wert, sie liegen in der Regel zwischen 0,5 % und 1,5 %.",8,q0050,immobiliengutachter kosten,ev-liquidhome.de
"Hier liegen die Kosten typischerweise zwischen 0,5 % und 1,5 % des Immobilienwertes.","Kosten Immobiliengutachten: Beim Kurzgutachten beginnen sie meistens bei 500 Euro, bei ausführlichen Vollgutachten liegen die Preise zwischen 0,5 % und 1,5 % des Immobilienwertes.",8,q0246,kosten gutachten immobilie,ev-liquidhome.de
Man unterscheidet im Wesentlichen zwei Arten von qualifizierten Experten: - Öffentlich bestellte und vereidigte Sachverständige (ö.b.u.v.): Von der Industrie- und Handelskammer (IHK) geprüft und vereidigt.,"öffentlich bestellte und vereidigte Im­mo­bi­li­en­gut­ach­ter und -sachverständige : Hierbei handelt es sich um Experten, die von der Industrie- und Handelskammer (IHK) geprüft und ernannt werden.",8,q0188,staatlich anerkannter immobiliengutachter,heid-immobilienbewertung.de
"Die Kosten dafür liegen meist zwischen 0,5 % und 1,5 % des Immobilienwertes.","Kosten Immobiliengutachten: Beim Kurzgutachten beginnen sie meistens bei 500 Euro, bei ausführlichen Vollgutachten liegen die Preise zwischen 0,5 % und 1,5 % des Immobilienwertes.",8,q0195,immobilienbewertung gewerbeimmobilien,ev-liquidhome.de
"für Finanzämter oder Scheidungen) liegt meist zwischen 0,5 % und 1,5 % des Immobilienwertes.","Kosten Immobiliengutachten: Beim Kurzgutachten beginnen sie meistens bei 500 Euro, bei ausführlichen Vollgutachten liegen die Preise zwischen 0,5 % und 1,5 % des Immobilienwertes.",8,q0040,gutachter immobilien kosten,ev-liquidhome.de
Verraten Sie mir: - Um welche Art von Immobilie handelt es sich (z.,"Damit der Homeday-Makler den Wert Ihrer Immobilie prÃ¤zise ermitteln kann, sollten Sie diese Fragen beim Vor-Ort-Termin mit ihm beantworten kÃ¶nnen: Um welche Art von Immobilie handelt es sich?",8,q0105,immobilienbewertung mit sofortergebnis,homeday.de
"Um einen qualifizierten Experten für Ihr Anliegen in der Region München zu finden, stehen Ihnen verschiedene gezielte Suchwege und Plattformen zur Verfügung: - IHK-Sachverständigenverzeichnis: Nutzen Sie die offizielle Datenbank der IHK München und Oberbayern , um gezielt nach öffentlich bestellten und vereidigten Sachverständigen für die „Bewertung von bebauten und unbebauten Grundstücken“ in Ihr",​ ​ Ich bin öffentlich bestellter und vereidigter Sachverständiger für die Bewertung von bebauten und unbebauten Grundstücken (IHK München u.,8,q0158,öffentlich bestellter und vereidigter sachverständiger immobilien münchen,rau-immobilienbewertungen.de
"Rau Immobilienbewertung +2 Um einen qualifizierten Experten für Ihr Anliegen in der Region München zu finden, stehen Ihnen verschiedene gezielte Suchwege und Plattformen zur Verfügung: IHK-Sachverständigenverzeichnis: Nutzen Sie die offizielle Datenbank der IHK München und Oberbayern, um gezielt nach öffentlich bestellten und vereidigten Sachverständigen für die „Bewertung von bebauten und unbebau",​ ​ Ich bin öffentlich bestellter und vereidigter Sachverständiger für die Bewertung von bebauten und unbebauten Grundstücken (IHK München u.,8,q0158,öffentlich bestellter und vereidigter sachverständiger immobilien münchen,rau-immobilienbewertungen.de
Dafür akzeptiert das Finanzamt: - Ein Verkehrswertgutachten von öffentlich bestellten und vereidigten Sachverständigen oder nach DIN EN ISO/IEC 17024 zertifizierten Gutachtern.,"Finanz­amt ermittelt Verkehrs­wert Im Regelfall stellt das Finanz­amt den Verkehrs­wert einer Immobilie fest, und zwar unabhängig davon, ob eine Eigentümerin oder ein Eigentümer einen öffent­lich bestellten und vereidigten oder nach DIN EN ISO/IEC 17024 zertifizierten Gutachter mit der Bewertung beauftragt.",8,q0372,hausbewertung für erbschaftsteuer,test.de
"Vollgutachten / Verkehrswertgutachten (gerichts- und finanzamtfest): Kostet in der Regel zwischen 0,5 % und 1,5 % des Immobilienwerts.","Die Kosten für Immobiliengutachten dieser Art orientieren sich am ermittelten Wert, sie liegen in der Regel zwischen 0,5 % und 1,5 %.",8,q0376,wieviel kostet ein immobiliengutachten,ev-liquidhome.de
"- Vollgutachten / Verkehrswertgutachten (gerichts- und finanzamtfest): Kostet in der Regel zwischen 0,5 % und 1,5 % des Immobilienwerts .","Die Kosten für Immobiliengutachten dieser Art orientieren sich am ermittelten Wert, sie liegen in der Regel zwischen 0,5 % und 1,5 %.",8,q0376,wieviel kostet ein immobiliengutachten,ev-liquidhome.de
"Wenn Sie Ihre Immobilie verschenken möchten, sollten Sie Folgendes beachten: - Finanzamt-Anerkennung : Um vom Finanzamt akzeptiert zu werden, muss das Gutachten von einem öffentlich bestellten und vereidigten Sachverständigen oder einem nach DIN EN ISO/IEC 17024 zertifizierten Gutachter erstellt werden.","Finanz­amt ermittelt Verkehrs­wert Im Regelfall stellt das Finanz­amt den Verkehrs­wert einer Immobilie fest, und zwar unabhängig davon, ob eine Eigentümerin oder ein Eigentümer einen öffent­lich bestellten und vereidigten oder nach DIN EN ISO/IEC 17024 zertifizierten Gutachter mit der Bewertung beauftragt.",8,q0487,immobiliengutachten schenkung,test.de
Es wird von öffentlich bestellten und vereidigten oder nach DIN EN ISO/IEC 17024 zertifizierten Sachverständigen erstellt.,Das Gutachten muss von einem öffentlich bestellten und vereidigten Sachverständigen oder von einem nach DIN EN ISO/IEC 17024 zertifizierten Sachverständigen erstellt werden.,8,q0408,gerichtsfestes verkehrswertgutachten,ee-experten.com
"Sparkasse +3 Wenn Sie Ihre Immobilie verschenken möchten, sollten Sie Folgendes beachten: Finanzamt-Anerkennung : Um vom Finanzamt akzeptiert zu werden, muss das Gutachten von einem öffentlich bestellten und vereidigten Sachverständigen oder einem nach DIN EN ISO/IEC 17024 zertifizierten Gutachter erstellt werden.","Finanz­amt ermittelt Verkehrs­wert Im Regelfall stellt das Finanz­amt den Verkehrs­wert einer Immobilie fest, und zwar unabhängig davon, ob eine Eigentümerin oder ein Eigentümer einen öffent­lich bestellten und vereidigten oder nach DIN EN ISO/IEC 17024 zertifizierten Gutachter mit der Bewertung beauftragt.",8,q0487,immobiliengutachten schenkung,test.de
"Für ein gerichtsfestes, umfassendes Verkehrswertgutachten liegen die Kosten meist zwischen 0,5 % und 1,5 % des Immobilienwertes.","Kosten Immobiliengutachten: Beim Kurzgutachten beginnen sie meistens bei 500 Euro, bei ausführlichen Vollgutachten liegen die Preise zwischen 0,5 % und 1,5 % des Immobilienwertes.",8,q0503,kosten für gutachter immobilien,ev-liquidhome.de
Die Kosten für ein Immobiliengutachten für ein Einfamilienhaus hängen stark von der Art des Gutachtens und dem Hauswert ab.,"Die Kosten für ein Immobiliengutachten für ein Einfamilienhaus sind dabei ein entscheidender Faktor, der von Anfang an für Klarheit sorgen sollte.",8,q0505,kosten immobiliengutachten einfamilienhaus,immobiliengutachter-motyl.de
Die Kosten für ein Immobiliengutachten für ein Einfamilienhaus hängen stark von der Art des Gu,"Die Kosten für ein Immobiliengutachten für ein Einfamilienhaus sind dabei ein entscheidender Faktor, der von Anfang an für Klarheit sorgen sollte.",8,q0505,kosten immobiliengutachten einfamilienhaus,immobiliengutachter-motyl.de
